{"accuracy": 0.7835497835497836, "recall": 0.527027027027027, "precision": 0.7222222222222222, "f1": 0.609375}
