{
    "train_eval": {
        "accuracy": 0.7597765363128491,
        "recall": 0.5412371134020618,
        "precision": 0.7241379310344828,
        "f1": 0.6194690265486725
    },
    "test_eval": {
        "accuracy": 0.7922077922077922,
        "recall": 0.527027027027027,
        "precision": 0.75,
        "f1": 0.619047619047619
    }
}
